feature_set,features,mae,rmse,r2,spearman
KS,1,0.04480119218441183,0.05957969140090818,0.038113761961678816,0.014329342158887277
Wasserstein,1,0.04084424453960306,0.052223899482204544,0.26096363967940295,0.06567563260741031
PSI,1,0.03003232963983102,0.04382695254493546,0.4795131525459424,0.24248663551214347
MMD,1,0.04161536298558958,0.055730356743771386,0.1583900553291232,0.10613748537617781
Categorical,1,0.044753071098522675,0.06142788449767582,-0.02248826036980578,-0.39673697578337597
KS_Wasserstein,2,0.04210219764964462,0.054799444354772346,0.18627150886805166,0.0543405630991761
KS_Wasserstein_PSI,3,0.027817351344652637,0.03640777725871441,0.6408171902818314,0.2614898423701985
Numerical_All,4,0.02593607147968705,0.03568737227109771,0.6548909447570721,0.36121042572357304
All_5_Signals,5,0.021856332363757353,0.03258626512571739,0.7122625531463948,0.6442422478590689
