shift_type,magnitude,nrmse,ks_shift_score,wasserstein_shift_score,psi_shift_score,mmd_score
temperature_mean,0.0,0.418546619087061,0.0,0.0,0.0,0.0
temperature_mean,0.1,0.4094088069347392,0.0726027397260274,0.025,0.18175737935120115,0.036118345135057295
temperature_mean,0.2,0.42038186266109534,0.12251712328767123,0.05000000000000001,0.8546015834734086,0.13386103957673723
temperature_mean,0.30000000000000004,0.4334982326436058,0.18073630136986302,0.07500000000000001,1.7527555872271179,0.2685697805361913
temperature_mean,0.4,0.43602019954667076,0.21455479452054796,0.1,2.5141209696781743,0.415189484753139
temperature_mean,0.5,0.43482419754256635,0.2386986301369863,0.125,3.0715946724875467,0.5551440137747158
temperature_mean,0.6000000000000001,0.42990429064168023,0.2493150684931507,0.15000000000000002,3.0715946724875467,0.6822558286520158
temperature_mean,0.7000000000000001,0.42958836602853434,0.25,0.17500000000000002,3.0715946724875467,0.79381631638447
temperature_mean,0.8,0.42958836602853434,0.25,0.2,3.0715946724875467,0.8891907684339485
temperature_mean,0.9,0.42958836602853434,0.25,0.22500000000000003,3.0715946724875467,0.9697796652745702
temperature_mean,1.0,0.42958836602853434,0.25,0.25,3.0715946724875467,1.036347535459426
