batch,start,end,nrmse,ks_shift_score,wasserstein_shift_score,psi_shift_score,mmd_score,predicted_nrmse
1,2012-01-01,2012-01-07,0.6499134391187026,0.4128070912968583,0.1499387088323353,2.2185452323684958,0.2818024378471629,0.6740473770128559
2,2012-01-08,2012-01-14,0.7871399848514752,0.3457376343204003,0.1043915022865228,3.272683235700402,0.1834418135163882,0.6693505558994264
3,2012-01-15,2012-01-21,0.7567343249002733,0.5434126609794111,0.1716598263575588,4.53618753640462,0.3966789843196781,0.5496376207421727
4,2012-01-22,2012-01-28,0.8960913322908185,0.297129810828441,0.0843986044520548,2.2656121939143983,0.1589884464732818,0.7279953020615756
5,2012-01-29,2012-02-04,0.8158436802075641,0.3198344748858447,0.1071870017938682,1.2746722411433542,0.1917372427403449,0.764239139009983
6,2012-02-05,2012-02-11,0.808280590523861,0.3921786563858584,0.1092516262509228,3.35185021621075,0.2356960172126623,0.6937981630710315
7,2012-02-12,2012-02-18,0.7839321422947646,0.3648972602739725,0.1228995238095238,2.859951409013119,0.210159012433089,0.6740555353914055
8,2012-02-19,2012-02-25,0.7918569973753515,0.3460688644990922,0.1118186737704241,1.7151921582800225,0.1645656090622631,0.7487137884574149
9,2012-02-26,2012-03-03,0.7198330166330931,0.280919838405381,0.079170242955869,0.8461457960417641,0.110736476258191,0.7603351670636835
10,2012-03-04,2012-03-10,0.7747992826870945,0.4346542726679713,0.1469578583659491,1.932047619413542,0.3224756837045125,0.6610245986458468
11,2012-03-11,2012-03-17,0.7676710419594002,0.1890364818308588,0.050127317026905,0.3571090988272955,0.0464944373727229,0.723073770041876
12,2012-03-18,2012-03-24,0.8310519921516423,0.3230471298108285,0.0766574054142204,2.48857758636499,0.126084617209641,0.6869407393936494
13,2012-03-25,2012-03-31,0.8641820522765732,0.2676247553816047,0.0819143407534246,0.8817492320088396,0.0892513488659338,0.7073368203017875
14,2012-04-01,2012-04-07,0.7560590037667377,0.2623549134607498,0.1001828249835944,1.1897862793195424,0.2448568788814573,0.7175862566622448
15,2012-04-08,2012-04-14,0.6518624153970771,0.2715635509802314,0.1095082638319252,2.118878138239139,0.3032931106484102,0.7523317935258418
16,2012-04-15,2012-04-21,0.6878600887316126,0.3286978147423353,0.0957603155577299,2.524001690482809,0.1444325628756135,0.6530688067268445
17,2012-04-22,2012-04-28,0.6350272731603473,0.2291381278538812,0.0690653636660143,1.4533328575971136,0.0737547810407233,0.6883739324754078
18,2012-04-29,2012-05-05,0.549987357526451,0.2406555772994129,0.0616595274787997,1.3346076866679513,0.0856621292807646,0.7114831019280817
19,2012-05-06,2012-05-12,0.5243014474148636,0.3308056099151989,0.0900813237932159,2.498160155401908,0.1205847107705775,0.7269293663748627
20,2012-05-13,2012-05-19,0.5273905160584521,0.3414995107632093,0.0963772692433137,3.0681274914125987,0.1748037366601063,0.6575882125375677
21,2012-05-20,2012-05-26,0.4886974037044048,0.4142204827136334,0.1033980454990215,4.0936042594245565,0.2499419700262906,0.6437149045800283
22,2012-05-27,2012-06-02,0.5464947780776147,0.4539220482713634,0.1272633712491846,4.223916659251427,0.3071706377214265,0.5973650075653112
23,2012-06-03,2012-06-09,0.5691963923649368,0.3782289628180039,0.1205956229615133,3.5251360892806693,0.2501570944724076,0.6695827123388657
24,2012-06-10,2012-06-16,0.5324487031297854,0.4682036855838226,0.1366890194879321,4.7647524642111385,0.3117426600064799,0.5873299825126942
25,2012-06-17,2012-06-23,0.5047129394825912,0.4368517612524461,0.1482496302185257,4.256785613453362,0.3434230052105946,0.6361972608957038
26,2012-06-24,2012-06-30,0.5071888727335615,0.5706947162426614,0.2035883357795173,5.115142529562325,0.5214813828872749,0.6404952479883577
27,2012-07-01,2012-07-07,0.5880776761689529,0.5992212981082844,0.2256535416666667,7.032183475138854,0.7027173983913249,0.5880372689352383
28,2012-07-08,2012-07-14,0.5518623741925351,0.5387190150032615,0.1630739302022178,6.066098739573564,0.4692094649551962,0.6342836261137786
29,2012-07-15,2012-07-21,0.5861997783082249,0.4474681996086106,0.1453929158512719,5.467078823012728,0.4173812240971033,0.5813785662702156
30,2012-07-22,2012-07-28,0.624681662493825,0.4939293868232225,0.1603138237932159,5.596745553815769,0.4679701655297815,0.5705584292037504
31,2012-07-29,2012-08-04,0.607506107263455,0.5268590998043052,0.1562394002772342,6.074826772660678,0.4919957419267866,0.6287368534075913
32,2012-08-05,2012-08-11,0.5772285753319331,0.4894487932159165,0.1460938233855186,5.658207346716803,0.4772125334562129,0.6031251633728704
33,2012-08-12,2012-08-18,0.5929327824957352,0.4812948467058056,0.1421629044357469,5.343497944918696,0.3531483586054295,0.5894908385564452
34,2012-08-19,2012-08-25,0.5997974652659418,0.5097398891063275,0.1235683993803,5.106082695850768,0.3193163253546907,0.5661062961370539
35,2012-08-26,2012-09-01,0.6015869142568353,0.4742212981082844,0.1388423365133724,5.782559680672428,0.3762522844710904,0.5831702124340743
36,2012-09-02,2012-09-08,0.5976466186698964,0.4933178408349641,0.1441549388454011,5.236791407653406,0.429499665735135,0.5784034541225254
37,2012-09-09,2012-09-15,0.6395096078017268,0.3697203196347032,0.1092216523972602,3.557113580180685,0.2231090737604313,0.7218195134922392
38,2012-09-16,2012-09-22,0.6303359641411467,0.3413608936725374,0.08318125,2.9749969727848784,0.1525951462375505,0.6852009178784422
39,2012-09-23,2012-09-29,0.6580448822474104,0.3559972276581866,0.1017922798434442,2.53661366397498,0.1804330677924459,0.7446126379700315
40,2012-09-30,2012-10-06,0.6649827829875521,0.2962369536855838,0.07883801981409,2.492101353656909,0.1356472987278429,0.763294046392293
41,2012-10-07,2012-10-13,0.7609962266062059,0.1940924657534246,0.0582364151174168,1.516466076460358,0.0520772629913477,0.6704052346128322
42,2012-10-14,2012-10-20,0.696974487747713,0.2370311480756686,0.0504839950260926,1.8520699875655968,0.0514387756440191,0.7312691693904477
43,2012-10-21,2012-10-27,0.6908671275192917,0.2671925962165688,0.0590126573711676,2.0209262355351045,0.0707667130126421,0.7059773367950164
44,2012-10-28,2012-11-03,0.7687438740416024,0.3247483395599834,0.0868983870381901,3.233986260060808,0.122467035567561,0.6512053945264606
45,2012-11-04,2012-11-10,0.7653656505123634,0.4048545033221229,0.1156171577905832,2.295855754109692,0.2455938449044634,0.722179387144504
46,2012-11-11,2012-11-17,0.7089556451980338,0.2909287345075015,0.0734047305120678,1.183437440544117,0.1063084695872278,0.7551655336450219
47,2012-11-18,2012-11-24,0.6894099139548263,0.2866030658838878,0.0791134328114807,2.7846301068848383,0.1175676903849936,0.6826975917133952
48,2012-11-25,2012-12-01,0.7739446496957643,0.3932445041424002,0.1079306517615454,3.409487063467034,0.2156932353224359,0.658577352842173
49,2012-12-02,2012-12-08,0.7719108015392226,0.1806751467710371,0.0391374188682322,0.654740924822767,0.0375451740518792,0.7149623354147777
50,2012-12-09,2012-12-15,0.7907537555016952,0.2959841813437703,0.0677686965916503,2.1438434052063275,0.1011546084773116,0.6907132797171993
51,2012-12-16,2012-12-22,0.7164307178018886,0.3093892694063926,0.0727563882093933,2.2993878423805345,0.0878159766426729,0.739890008305386
52,2012-12-23,2012-12-29,0.7190938086284481,0.4289981845188976,0.1087996477347747,4.202167964452241,0.2825072114390086,0.6266369565355077
