batch,start,end,nrmse,ks_shift_score,wasserstein_shift_score,psi_shift_score,mmd_score
1,2012-01-01,2012-01-07,0.6499134391187026,0.41280709129685833,0.14993870883233532,2.2185452323684953,0.28180243784716297
2,2012-01-08,2012-01-14,0.7871399848514752,0.34573763432040033,0.10439150228652284,3.272683235700402,0.18344181351638822
3,2012-01-15,2012-01-21,0.7567343249002733,0.5434126609794111,0.17165982635755886,4.53618753640462,0.3966789843196781
4,2012-01-22,2012-01-28,0.8960913322908185,0.297129810828441,0.0843986044520548,2.2656121939143983,0.1589884464732818
5,2012-01-29,2012-02-04,0.8158436802075641,0.31983447488584477,0.10718700179386824,1.2746722411433542,0.19173724274034498
6,2012-02-05,2012-02-11,0.808280590523861,0.39217865638585847,0.10925162625092281,3.35185021621075,0.2356960172126623
7,2012-02-12,2012-02-18,0.7839321422947646,0.36489726027397257,0.12289952380952382,2.859951409013119,0.210159012433089
8,2012-02-19,2012-02-25,0.7918569973753515,0.34606886449909224,0.11181867377042415,1.7151921582800225,0.16456560906226314
9,2012-02-26,2012-03-03,0.7198330166330931,0.28091983840538104,0.07917024295586908,0.8461457960417641,0.11073647625819105
10,2012-03-04,2012-03-10,0.7747992826870945,0.4346542726679713,0.14695785836594913,1.932047619413542,0.3224756837045125
11,2012-03-11,2012-03-17,0.7676710419594002,0.1890364818308588,0.050127317026905094,0.3571090988272955,0.04649443737272296
12,2012-03-18,2012-03-24,0.8310519921516423,0.3230471298108285,0.07665740541422049,2.48857758636499,0.12608461720964104
13,2012-03-25,2012-03-31,0.8641820522765732,0.2676247553816047,0.08191434075342466,0.8817492320088396,0.08925134886593389
14,2012-04-01,2012-04-07,0.7560590037667377,0.2623549134607498,0.10018282498359446,1.1897862793195424,0.24485687888145735
15,2012-04-08,2012-04-14,0.6518624153970771,0.2715635509802314,0.1095082638319252,2.118878138239139,0.30329311064841025
16,2012-04-15,2012-04-21,0.6878600887316126,0.3286978147423353,0.09576031555772994,2.524001690482809,0.14443256287561357
17,2012-04-22,2012-04-28,0.6350272731603473,0.22913812785388124,0.06906536366601436,1.4533328575971136,0.0737547810407233
18,2012-04-29,2012-05-05,0.549987357526451,0.24065557729941292,0.061659527478799755,1.3346076866679513,0.08566212928076467
19,2012-05-06,2012-05-12,0.5243014474148636,0.3308056099151989,0.09008132379321591,2.4981601554019077,0.12058471077057753
20,2012-05-13,2012-05-19,0.5273905160584521,0.34149951076320934,0.09637726924331376,3.0681274914125987,0.1748037366601063
21,2012-05-20,2012-05-26,0.4886974037044048,0.4142204827136334,0.10339804549902151,4.0936042594245565,0.2499419700262906
22,2012-05-27,2012-06-02,0.5464947780776147,0.4539220482713634,0.1272633712491846,4.223916659251427,0.3071706377214265
23,2012-06-03,2012-06-09,0.5691963923649368,0.3782289628180039,0.12059562296151335,3.5251360892806693,0.25015709447240764
24,2012-06-10,2012-06-16,0.5324487031297854,0.4682036855838226,0.13668901948793213,4.7647524642111385,0.3117426600064799
25,2012-06-17,2012-06-23,0.5047129394825912,0.4368517612524461,0.14824963021852577,4.256785613453362,0.34342300521059466
26,2012-06-24,2012-06-30,0.5071888727335615,0.5706947162426614,0.2035883357795173,5.115142529562325,0.5214813828872749
27,2012-07-01,2012-07-07,0.5880776761689529,0.5992212981082844,0.2256535416666667,7.032183475138854,0.7027173983913249
28,2012-07-08,2012-07-14,0.5518623741925351,0.5387190150032615,0.16307393020221786,6.0660987395735635,0.4692094649551962
29,2012-07-15,2012-07-21,0.5861997783082249,0.4474681996086106,0.14539291585127198,5.467078823012728,0.4173812240971033
30,2012-07-22,2012-07-28,0.624681662493825,0.4939293868232225,0.1603138237932159,5.596745553815769,0.46797016552978155
31,2012-07-29,2012-08-04,0.607506107263455,0.5268590998043052,0.1562394002772342,6.074826772660678,0.49199574192678663
32,2012-08-05,2012-08-11,0.5772285753319331,0.4894487932159165,0.1460938233855186,5.658207346716803,0.47721253345621295
33,2012-08-12,2012-08-18,0.5929327824957352,0.48129484670580563,0.1421629044357469,5.343497944918696,0.3531483586054295
34,2012-08-19,2012-08-25,0.5997974652659418,0.5097398891063275,0.12356839938030006,5.106082695850768,0.3193163253546907
35,2012-08-26,2012-09-01,0.6015869142568353,0.4742212981082844,0.13884233651337247,5.782559680672428,0.3762522844710904
36,2012-09-02,2012-09-08,0.5976466186698964,0.4933178408349641,0.14415493884540118,5.236791407653406,0.429499665735135
37,2012-09-09,2012-09-15,0.6395096078017268,0.3697203196347032,0.10922165239726025,3.557113580180685,0.22310907376043132
38,2012-09-16,2012-09-22,0.6303359641411467,0.34136089367253747,0.08318125000000001,2.9749969727848784,0.15259514623755055
39,2012-09-23,2012-09-29,0.6580448822474104,0.3559972276581866,0.10179227984344422,2.53661366397498,0.18043306779244594
40,2012-09-30,2012-10-06,0.6649827829875521,0.29623695368558384,0.07883801981409001,2.492101353656909,0.13564729872784298
41,2012-10-07,2012-10-13,0.7609962266062059,0.19409246575342462,0.05823641511741683,1.516466076460358,0.05207726299134774
42,2012-10-14,2012-10-20,0.696974487747713,0.23703114807566864,0.05048399502609264,1.8520699875655968,0.05143877564401911
43,2012-10-21,2012-10-27,0.6908671275192917,0.2671925962165688,0.05901265737116764,2.0209262355351045,0.07076671301264215
44,2012-10-28,2012-11-03,0.7687438740416024,0.3247483395599834,0.08689838703819013,3.2339862600608074,0.122467035567561
45,2012-11-04,2012-11-10,0.7653656505123634,0.4048545033221229,0.11561715779058324,2.295855754109692,0.24559384490446345
46,2012-11-11,2012-11-17,0.7089556451980338,0.29092873450750156,0.07340473051206783,1.183437440544117,0.10630846958722784
47,2012-11-18,2012-11-24,0.6894099139548263,0.2866030658838878,0.07911343281148076,2.7846301068848383,0.1175676903849936
48,2012-11-25,2012-12-01,0.7739446496957643,0.3932445041424002,0.1079306517615454,3.409487063467034,0.2156932353224359
49,2012-12-02,2012-12-08,0.7719108015392226,0.18067514677103713,0.03913741886823222,0.654740924822767,0.03754517405187929
50,2012-12-09,2012-12-15,0.7907537555016952,0.29598418134377036,0.06776869659165037,2.1438434052063275,0.10115460847731161
51,2012-12-16,2012-12-22,0.7164307178018886,0.30938926940639266,0.07275638820939334,2.2993878423805345,0.08781597664267293
52,2012-12-23,2012-12-29,0.7190938086284481,0.4289981845188976,0.1087996477347747,4.202167964452241,0.2825072114390086
