shift_type,magnitude,nrmse,categorical_shift,ks_shift_score,wasserstein_shift_score,psi_shift_score,mmd_score
temperature_mean,0.0,0.418546619087061,0.0,0.0,0.0,0.0,0.0
temperature_mean,0.1,0.4094088069347392,0.0,0.0726027397260274,0.025,0.18175737935120115,0.036118345135057295
temperature_mean,0.2,0.42038186266109534,0.0,0.12251712328767123,0.05000000000000001,0.8546015834734086,0.13386103957673723
temperature_mean,0.30000000000000004,0.4334982326436058,0.0,0.18073630136986302,0.07500000000000001,1.7527555872271179,0.2685697805361913
temperature_mean,0.4,0.43602019954667076,0.0,0.21455479452054796,0.1,2.5141209696781743,0.415189484753139
temperature_mean,0.5,0.43482419754256635,0.0,0.2386986301369863,0.125,3.0715946724875467,0.5551440137747158
temperature_mean,0.6000000000000001,0.42990429064168023,0.0,0.2493150684931507,0.15000000000000002,3.0715946724875467,0.6822558286520158
temperature_mean,0.7000000000000001,0.42958836602853434,0.0,0.25,0.17500000000000002,3.0715946724875467,0.79381631638447
temperature_mean,0.8,0.42958836602853434,0.0,0.25,0.2,3.0715946724875467,0.8891907684339485
temperature_mean,0.9,0.42958836602853434,0.0,0.25,0.22500000000000003,3.0715946724875467,0.9697796652745702
temperature_mean,1.0,0.42958836602853434,0.0,0.25,0.25,3.0715946724875467,1.036347535459426
humidity_mean,0.0,0.418546619087061,0.0,0.0,0.0,0.0,0.0
humidity_mean,0.1,0.45004552710039564,0.0,0.0565068493150685,0.025,0.07063108208299315,0.030357264322317556
humidity_mean,0.2,0.49505541134508985,0.0,0.10445205479452055,0.05,0.47223491000518325,0.11521221906951284
humidity_mean,0.30000000000000004,0.5429317633122523,0.0,0.15034246575342464,0.07500000000000001,0.8955087476525676,0.23835945503653466
humidity_mean,0.4,0.5844274213004065,0.0,0.1906678082191781,0.1,1.5652300191177346,0.3803769911148601
humidity_mean,0.5,0.608175640100381,0.0,0.2208904109589041,0.125,2.032382771234162,0.5249461555926977
humidity_mean,0.6000000000000001,0.6168363305774924,0.0,0.238013698630137,0.15000000000000002,2.555401428363656,0.6629870993574907
humidity_mean,0.7000000000000001,0.6177791848641941,0.0,0.24863013698630138,0.17500000000000002,2.979770544399075,0.7898435429780678
humidity_mean,0.8,0.6178277313196343,0.0,0.25,0.2,2.979770544399075,0.9039277185011519
humidity_mean,0.9,0.6178277313196343,0.0,0.25,0.225,2.979770544399075,1.0045156484356763
humidity_mean,1.0,0.6178277313196343,0.0,0.25,0.25,2.979770544399075,1.0923956068854577
humidity_variance,0.0,0.418546619087061,0.0,0.0,0.0,0.0,0.0
humidity_variance,0.1,0.4192390235189028,0.0,0.028339041095890416,0.0037102724479264456,0.01404212632492889,0.0006113633154762876
humidity_variance,0.2,0.42183552589753204,0.0,0.03133561643835617,0.007420544895852876,0.018061586638576484,0.002406509754671049
humidity_variance,0.30000000000000004,0.4247029668999545,0.0,0.03159246575342467,0.011130817343779322,0.025467848664063344,0.005304733889122559
humidity_variance,0.4,0.4307169985178748,0.0,0.042123287671232884,0.014841089791705758,0.04360093274444381,0.009208631026887959
humidity_variance,0.5,0.4355481878273859,0.0,0.055821917808219185,0.018551362239632205,0.08272034633159155,0.013997453217239997
humidity_variance,0.6000000000000001,0.438095112521963,0.0,0.05642123287671233,0.022261634687558637,0.08978254594666209,0.019590726645511314
humidity_variance,0.7000000000000001,0.44306549450627697,0.0,0.0565068493150685,0.02597190713548509,0.11898114785460082,0.025883977642121803
humidity_variance,0.8,0.4459537375315139,0.0,0.06498287671232877,0.02968217958341153,0.10568734155843629,0.03271383343954426
humidity_variance,0.9,0.45064209981768316,0.0,0.06558219178082192,0.03339245203133796,0.1384838713173606,0.04005893193810173
humidity_variance,1.0,0.45231641418928925,0.0,0.06558219178082192,0.037102724479264396,0.14373484388336855,0.047767283638326496
dependency,0.0,0.418546619087061,0.0,0.0,0.0,0.0,0.0
dependency,0.1,0.429005007948696,0.0,0.0,0.0,0.0,7.170843420900574e-05
dependency,0.2,0.4386983215002547,0.0,0.0,0.0,0.0,3.944198302829882e-05
dependency,0.30000000000000004,0.4451100147119276,0.0,0.0,0.0,0.0,0.0005094891939241286
dependency,0.4,0.4562411026822687,0.0,0.0,0.0,0.0,0.0014763814314457946
dependency,0.5,0.46500872274916305,0.0,0.0,0.0,0.0,0.002684615392882561
dependency,0.6000000000000001,0.47496296908991986,0.0,0.0,0.0,0.0,0.003108943912437878
dependency,0.7000000000000001,0.4799151403667187,0.0,0.0,0.0,0.0,0.003582347135799857
dependency,0.8,0.48209268923098575,0.0,0.0,0.0,0.0,0.0035081413576398823
dependency,0.9,0.4873591987027082,0.0,0.0,0.0,0.0,0.0036701723155183608
dependency,1.0,0.4913233878920544,0.0,0.0,0.0,0.0,0.004039076996199986
weather_categorical,0.0,0.418546619087061,0.0,0.0,0.0,0.0,0.0
weather_categorical,0.1,0.42181849553066164,0.02979452054794518,0.0,0.0,0.0,0.0
weather_categorical,0.2,0.428316421370913,0.06130136986301369,0.0,0.0,0.0,0.0
weather_categorical,0.30000000000000004,0.43700841499713483,0.10993150684931507,0.0,0.0,0.0,0.0
weather_categorical,0.4,0.4410327482848014,0.15582191780821916,0.0,0.0,0.0,0.0
weather_categorical,0.5,0.4514988146830258,0.21027397260273972,0.0,0.0,0.0,0.0
weather_categorical,0.6000000000000001,0.46309753237967094,0.2917808219178082,0.0,0.0,0.0,0.0
weather_categorical,0.7000000000000001,0.4692652279301762,0.3167808219178082,0.0,0.0,0.0,0.0
weather_categorical,0.8,0.47910049893786816,0.37465753424657533,0.0,0.0,0.0,0.0
weather_categorical,0.9,0.48862176048583317,0.43972602739726024,0.0,0.0,0.0,0.0
weather_categorical,1.0,0.4924628155648084,0.49452054794520545,0.0,0.0,0.0,0.0
